TransactionID,AccountID,TransactionDate,Income,Expense,Transaction Type,Expense Type,Expense Category,IncomeSource
1,101,01/01/2022,0,800,Expense,Rent,Household,N/A
2,101,01/02/2022,60,0,Income,N/A,N/A,Waiting Tables
3,101,01/03/2022,70,0,Income,N/A,N/A,Waiting Tables
4,101,01/04/2022,65,0,Income,N/A,N/A,Waiting Tables
5,101,01/05/2022,0,99,Expense,Wifi + Phone Bill,Household,N/A
6,101,01/06/2022,0,60,Expense,Groceries,Household,N/A
7,101,01/07/2022,0,20,Expense,McDonald's,Leisure,N/A
8,101,01/08/2022,450,0,Income,N/A,N/A,Uber Courier
9,101,01/09/2022,0,50,Expense,Monthly Electricity Bill,Household,N/A
10,101,01/10/2022,0,12,Expense,Netflix,Leisure,N/A
11,101,01/11/2022,0,25,Expense,Gym,Miscelleanous,N/A
12,101,01/12/2022,60,0,Income,N/A,N/A,Waiting Tables
13,101,01/13/2022,68,0,Income,N/A,N/A,Waiting Tables
14,101,01/14/2022,64,0,Income,N/A,N/A,Waiting Tables
15,101,01/15/2022,0,3,Expense,Hulu Black Friday Bundle Deal,Leisure,N/A
16,101,01/16/2022,0,50,Expense,Amazon Prime Delivery,Leisure,N/A
17,101,01/17/2022,0,150,Expense,Nike Purchase,Leisure,N/A
18,101,01/18/2022,0,35,Expense,Groceries,Household,N/A
19,101,01/19/2022,0,35,Expense,Movies,Leisure,N/A
20,101,01/20/2022,0,15,Expense,Amazon Prime Subscription,Leisure,N/A
21,101,01/21/2022,450,0,Income,N/A,N/A,Uber Courier
22,101,01/22/2022,60,0,Income,N/A,N/A,Waiting Tables
23,101,01/23/2022,70,0,Income,N/A,N/A,Waiting Tables
24,101,01/24/2022,0,40,Expense,Perishables,Household,N/A
25,101,01/25/2022,0,30,Expense,Oil for Car,Automobile,N/A
26,101,01/26/2022,0,80,Expense,Car Insurance,Automobile,N/A
27,101,01/27/2022,0,58,Expense,Groceries,Household,N/A
28,101,01/28/2022,0,20,Expense,Monthly Gas Bill,Household,N/A
29,101,01/29/2022,0,100,Expense,Halloween Party,Leisure,N/A
30,101,02/01/2022,0,800,Expense,Rent,Household,N/A
31,101,02/02/2022,75,0,Income,N/A,N/A,Waiting Tables
32,101,02/03/2022,80,0,Income,N/A,N/A,Waiting Tables
33,101,02/04/2022,78,0,Income,N/A,N/A,Waiting Tables
34,101,02/05/2022,0,99,Expense,Wifi + Phone Bill,Household,N/A
35,101,02/06/2022,0,63,Expense,Groceries,Household,N/A
36,101,02/07/2022,0,25,Expense,Oil for Car,Automobile,N/A
37,101,02/08/2022,450,0,Income,N/A,N/A,Uber Courier
38,101,02/09/2022,0,48,Expense,Monthly Electricity Bill,Household,N/A
39,101,02/10/2022,0,12,Expense,Netflix,Leisure,N/A
40,101,02/11/2022,0,25,Expense,Gym,Miscelleanous,N/A
41,101,02/12/2022,76,0,Income,N/A,N/A,Waiting Tables
42,101,02/13/2022,82,0,Income,N/A,N/A,Waiting Tables
43,101,02/14/2022,79,0,Income,N/A,N/A,Waiting Tables
44,101,02/15/2022,0,3,Expense,Hulu Subscription,Leisure,N/A
45,101,02/16/2022,0,60,Expense,Parents' Gift,Gifts,N/A
46,101,02/17/2022,0,120,Expense,Girlfriend's Gift,Gifts,N/A
47,101,02/18/2022,0,50,Expense,Bestfriend's Gift,Gifts,N/A
48,101,02/19/2022,0,20,Expense,Cat's Gift,Gifts,N/A
49,101,02/20/2022,450,0,Income,N/A,N/A,Uber Courier
50,101,02/21/2022,80,0,Income,N/A,N/A,Waiting Tables
51,101,02/22/2022,78,0,Income,N/A,N/A,Waiting Tables
52,101,02/23/2022,0,30,Expense,Cat Food,Household,N/A
53,101,02/24/2022,0,100,Expense,Vet Charges,Household,N/A
54,101,02/25/2022,0,60,Expense,Groceries ,Household,N/A
55,101,02/26/2022,0,25,Expense,Monthly Gas Bill,Household,N/A
56,101,02/27/2022,82,0,Income,N/A,N/A,Waiting Tables
57,101,02/28/2022,0,15,Expense,Prime Subscription,Leisure,N/A
58,101,03/01/2022,0,800,Expense,Rent,Household,N/A
59,101,03/02/2022,130,0,Income,N/A,N/A,Waiting Tables
60,101,03/03/2022,142,0,Income,N/A,N/A,Waiting Tables
61,101,03/04/2022,138,0,Income,N/A,N/A,Waiting Tables
62,101,03/05/2022,0,99,Expense,Wifi + Phone Bill,Household,N/A
63,101,03/06/2022,450,0,Income,N/A,N/A,Uber Courier
64,101,03/07/2022,0,650,Expense,New TV,Household,N/A
65,101,03/08/2022,140,0,Income,N/A,N/A,Waiting Tables
66,101,03/09/2022,0,100,Expense,Microwave,Miscelleanous,N/A
67,101,03/10/2022,0,300,Expense,Clothes Shopping,Miscelleanous,N/A
68,101,03/11/2022,0,12,Expense,Netflix,Leisure,N/A
69,101,03/12/2022,450,0,Income,N/A,N/A,Uber Courier
70,101,03/13/2022,0,3,Expense,Hulu Subscription,Leisure,N/A
71,101,03/14/2022,0,60,Expense,Groceries,Household,N/A
72,101,03/15/2022,0,25,Expense,Monthly Gas Bill,Household,N/A
73,101,03/16/2022,0,60,Expense,Groceries,Household,N/A
74,101,03/17/2022,146,0,Income,N/A,N/A,Waiting Tables
75,101,03/18/2022,0,60,Expense,Playstation Plus,Leisure,N/A
76,101,03/19/2022,0,25,Expense,Gym,Miscelleanous,N/A
77,101,03/20/2022,0,48,Expense,Monthly Electricity Bill,Household,N/A
78,101,03/21/2022,0,15,Expense,Amazon Prime Subscription,Leisure,N/A
79,101,03/22/2022,152,0,Income,N/A,N/A,Waiting Tables
80,101,03/24/2022,155,0,Income,N/A,N/A,Waiting Tables
81,101,03/28/2022,153,0,Income,N/A,N/A,Waiting Tables
82,101,03/30/2022,150,0,Income,N/A,N/A,Waiting Tables
83,101,03/31/2022,154,0,Income,N/A,N/A,Waiting Tables
84,101,04/01/2022,0,800,Expense,Rent,Household,N/A
85,101,04/02/2022,55,0,Income,N/A,N/A,Waiting Tables
86,101,04/03/2022,47,0,Income,N/A,N/A,Waiting Tables
87,101,04/04/2022,53,0,Income,N/A,N/A,Waiting Tables
88,101,04/05/2022,300,0,Income,N/A,N/A,Uber Courier
89,101,04/06/2022,58,0,Income,N/A,N/A,Waiting Tables
90,101,04/07/2022,50,0,Income,N/A,N/A,Waiting Tables
91,101,04/08/2022,0,99,Expense,Wifi + Phone Bill,Household,N/A
92,101,04/09/2022,60,0,Income,N/A,N/A,Waiting Tables
93,101,04/10/2022,56,0,Income,N/A,N/A,Waiting Tables
94,101,04/11/2022,52,0,Income,N/A,N/A,Waiting Tables
95,101,04/12/2022,45,0,Income,N/A,N/A,Waiting Tables
96,101,04/13/2022,0,60,Expense,Groceries,Household,N/A
97,101,04/14/2022,0,30,Expense,Oil Change for Car,Automobile,N/A
98,101,04/15/2022,0,45,Expense,Monthly Gas Bill,Household,N/A
99,101,04/16/2022,0,3,Expense,Hulu Subscription,Leisure,N/A
100,101,04/17/2022,0,25,Expense,Gym,Miscelleanous,N/A
101,101,04/18/2022,300,0,Income,N/A,N/A,Uber Courier
102,101,04/19/2022,0,60,Expense,Groceries,Household,N/A
103,101,04/25/2022,0,50,Expense,Monthly Electricity Bill,Household,N/A
104,101,04/27/2022,0,15,Expense,Prime Subcription,Leisure,N/A
105,101,04/28/2022,0,25,Expense,Gas Refill for Car,Automobile,N/A
106,101,04/29/2022,0,12,Expense,Netflix,Leisure,N/A
107,101,04/30/2022,0,60,Expense,Groceries,Household,N/A
108,101,05/01/2022,1800,0,Income,N/A,N/A,Data Analyst Salary
109,101,05/02/2022,0,1500,Expense,Rent,Household,N/A
110,101,05/03/2022,0,99,Expense,Wifi + Phone Bill,Household,N/A
111,101,05/04/2022,0,60,Expense,Groceries,Household,N/A
112,101,05/05/2022,0,35,Expense,Gas Refill for Car,Automobile,N/A
113,101,05/06/2022,0,45,Expense,Monthly Gas Bill,Household,N/A
114,101,05/07/2022,0,3,Expense,Hulu Subscription,Leisure,N/A
115,101,05/08/2022,0,60,Expense,Groceries,Household,N/A
116,101,05/09/2022,1800,0,Income,N/A,N/A,Data Analyst Salary
117,101,05/10/2022,0,48,Expense,Monthly Electricity Bill,Household,N/A
118,101,05/12/2022,0,25,Expense,Gym,Miscelleanous,N/A
119,101,05/14/2022,0,15,Expense,Prime Subscription,Leisure,N/A
120,101,05/16/2022,0,60,Expense,Groceries,Household,N/A
121,101,05/18/2022,0,30,Expense,Gas Refill for Car,Automobile,N/A
122,101,05/22/2022,0,12,Expense,Netflix,Leisure,N/A
123,101,05/27/2022,0,60,Expense,Groceries,Household,N/A
124,101,05/29/2022,0,35,Expense,Gas Refill for Car,Automobile,N/A
125,101,05/31/2022,0,25,Expense,Gas Refill for Car,Automobile,N/A
126,101,06/01/2022,1800,0,Income,N/A,N/A,Data Analyst Salary
127,101,06/02/2022,0,1500,Expense,Rent,Household,N/A
128,101,06/03/2022,0,300,Expense,Plumbing Maintenance,Household,N/A
129,101,06/04/2022,0,400,Expense,Electrician,Household,N/A
130,101,06/05/2022,0,150,Expense,Painting,Household,N/A
131,101,06/06/2022,0,60,Expense,Groceries,Household,N/A
132,101,06/07/2022,0,40,Expense,Monthly Gas Bill,Household,N/A
133,101,06/08/2022,0,45,Expense,Monthly Electricity Bill,Household,N/A
134,101,06/09/2022,0,25,Expense,Gym Membership,Miscelleanous,N/A
135,101,06/10/2022,0,3,Expense,Hulu Subscription,Leisure,N/A
136,101,06/11/2022,0,80,Expense,Furntiture Repair,Household,N/A
137,101,06/12/2022,0,20,Expense,Gas Refill for Car,Automobile,N/A
138,101,06/13/2022,0,12,Expense,Netflix Subscription,Leisure,N/A
139,101,06/14/2022,0,15,Expense,Prime Subscription,Leisure,N/A
140,101,06/15/2022,0,30,Expense,Roof Repair,Household,N/A
141,101,06/16/2022,1800,0,Income,N/A,N/A,Data Analyst Salary
142,101,06/17/2022,0,30,Expense,Bedsheets,Miscelleanous,N/A
143,101,06/18/2022,0,12,Expense,Notebooks,Miscelleanous,N/A
144,101,06/19/2022,0,6,Expense,Pens,Miscelleanous,N/A
145,101,06/20/2022,0,5,Expense,Pencils,Miscelleanous,N/A
146,101,06/21/2022,0,450,Expense,Standing Desk,Miscelleanous,N/A
147,101,06/22/2022,0,1200,Expense,New Computer,Miscelleanous,N/A
148,101,06/23/2022,0,15,Expense,Mouse Pad,Miscelleanous,N/A
149,101,06/24/2022,0,50,Expense,Keyboard,Miscelleanous,N/A
150,101,06/25/2022,0,70,Expense,Ergonomic Chair,Miscelleanous,N/A
151,101,06/26/2022,0,10,Expense,Cable Organizer,Miscelleanous,N/A
152,101,06/27/2022,0,30,Expense,Dining Out,Leisure,N/A
153,101,06/28/2022,0,25,Expense,Gas Refill for Car,Automobile,N/A
154,101,06/28/2022,0,60,Expense,Parking Ticket,Automobile,N/A
155,101,06/28/2022,0,50,Expense,Dining Out,Leisure,N/A
156,101,06/28/2022,0,70,Expense,Dinner Date,Leisure,N/A
157,101,06/29/2022,0,20,Expense,Fast Food,Leisure,N/A
158,101,06/29/2022,0,35,Expense,Gas Refill for Car,Automobile,N/A
159,101,06/29/2022,0,100,Expense,Dining Out,Leisure,N/A
160,101,06/30/2022,0,10,Expense,Coffee Shop,Leisure,N/A
161,101,06/30/2022,0,40,Expense,Sunday Brunch,Leisure,N/A
162,101,06/30/2022,0,20,Expense,Car Wash,Automobile,N/A